address,display_name,x_handle,verified,sort_order
0x77375a8c9d13bf79afb2a87f1b0ac1dfd5f5bf66,mk4,mk4_lul,true,1
0xbf732ea04197942783e34730ed6e0f6099575d58,solanadoomer,solanadoomer1,true,2
0x469e9a7f624b04c24f0e64edf8d8a277e6bf58a5,MP05,,true,3
0xc926ddba8b7617dbc65712f20cf8e1b58b8598d3,Powell #1,0xc926ddba,true,4
0xbdfa4f4492dd7b7cf211209c4791af8d52bf5c50,bizyugo.hl,bizyugo,true,5
0x519c721de735f7c9e6146d167852e60d60496a47,asssdfc,,true,6
0x58f0bf4307c61bc7a5fe11e24fe36e64300b0d20,Issathecooker,issathecooker,true,7
0xa1830e8d9f019feb448478a171bb37cc6c4c0482,nkys arc,nkys666,true,8
0x5f94a51948d2376ad34a6fadfa2544e651b74b96,Tag Capital,,true,9
0xaf0fdd39e5d92499b0ed9f68693da99c0ec1e92e,KoolKrypto,koolkrypto223,true,10
0x1367df28c0681431b8a8f3d887576a1cad85560e,Keisan.hl,Keisan_Crypto,true,11
0x6355f7cf36b24044cd5b089a845113327d0ee58e,Flow Traders,FlowTraders,true,12
0x8607a7d180de23645db594d90621d837749408d5,Wanyewest,Wanyewest69,true,13
0xb1ec7febea4f841d525785955b7fe0e812d6e86a,NMTD.HL #2,NMTD8,true,14
0x007d76eec0ba411ce873a8819df50dd443d967a0,UnRektCapital,,true,15
0xe77cdee1aa1affa10231654fe438b63ab0ab15db,Robbindahood,Robbindahood12,true,16
0x7be1cba648ebe1ab8084244d23f28d68a86480d8,Wintermute #2,wintermute_t,true,17
0x020ca66c30bec2c4fe3861a94e4db4a498a35872,MachiBigBrother,machibigbrother,true,18
0xb798aef79972ce8f73d47b9ebbcda6bbb7ec4fbf,QCP Capital,QCPgroup,true,19
0xf517639a8872e756ac98d3c65507d2ebc25cc032,NMTD.HL,NMTD8,true,20
0x718cc7ee2ae2493ebf7d454316df6b61f4e1a868,threadguy,notthreadguy,true,21
0xda744273f80b22412417f7cfe0503f3d721f987d,Flood,ThinkingUSD,true,22
0xf770f371cc66499a89ae56aa84f9506e083f99ea,deloochs,deloochs,true,23
0xcb58b8f5ec6d47985f0728465c25a08ef9ad2c7b,CL,CL207,true,24
0xb6161198798dc08e3ba5bc2756820848fc51173b,iroh.hl,0x_iroh,true,25
0x7b7f72a28fe109fa703eeed7984f2a8a68fedee2,Cyantarb,CyantArb,true,26
0x95da8596c44dd09f4b8becce87ad3b7894fb2328,Lithium,,true,27
0xadd12adbbd5db87674b38af99b6dd34dd2a45e0d,The Crypto Nexus,TheCryptoNexus,true,28
0x4f12b217aa59e6d3e1f91ca2dc96f9543576618b,gud.hl,gud_HL,true,29
0xe8fe3865a78735f6a5070425e984669b520c0941,YGNH94,YGNH94,true,30
0x8434b7844fd17fad52f0aceae50a834cd4896577,Icy_9999,Icy_9999,true,31
0xd54921ccf100cc6a78acbbd4e55fd57c9b50ea7a,Y22,real_y22,true,32
0xe5ac6d42ac6e553a3541b09d322f864f6d7abbe3,CryptoChris #5,mfteth,true,33
0x5e177e5e39c0f4e421f5865a6d8beed8d921cb70,HLP,hyperliquidx,true,34
0xe799f6e2414c60340ebd1e1613f7a9b1857d2af3,Demo618,Demo618,true,35
0x15271757b398cd1d3d7cca05c4f7b0c159afa7c2,Karna,karna0x,true,36
0x5a7a6b69c6382000fd35711fd28440f415417318,Jermaine W,jermywkh,true,37
0x8319ef53245d8fffe01ae8fb4ad0a22016bdbb42,qianbaidueth,qianbaidueth,true,38
0x089563d1f7e3d20791d3f4224bae908952332c21,tummy,tummyy1,true,39
0xbbbc35dfac3a00a03a8fde3540eca4f0e15c5e64,0xbbbc,0xLiquidityLord,true,40
0x69e45d4b853d2864450e0c25d12b43f2ad845272,0xRay518,0xRay518,true,41
0xf967239debef10dbc78e9bbbb2d8a16b72a614eb,0xSifu,0xSifu,true,42
0x1d52fe9bde2694f6172192381111a91e24304397,0xTyle,0xtyle,true,43
0x556d2bbd04cc98c6eb9b626c9d829dd5fec5605e,a16z crypto 2,a16zcrypto,true,44
0x980a88234fd755cc40a2edc2ab2bf41ffc33a16a,a16z crypto 3,a16zcrypto,true,45
0x3996bc88bb4ad176eef721b95810d342096feddf,a16z crypto 4,a16zcrypto,true,46
0xa5522864adf82b3fb853a6c12fca12515a8c121e,a16z crypto 5,a16zcrypto,true,47
0x15e4896b2a04a00767d10a9284e577aaf169bfbe,a16z crypto 6,a16zcrypto,true,48
0x011a1a6a9897295e1bce760aa70d24470d215809,a16z crypto 7,a16zcrypto,true,49
0x65356f43684e4a9115df95cc92e9c487a8349c51,a16z crypto 8,a16zcrypto,true,50
0xd1aebbd4d53fc248a8413c9e6202ebacad6db709,a16z crypto 9,a16zcrypto,true,51
0x1f250df59a777d61cb8bd043c12970f3afe4f925,AguilaTrades,aguilatrades,true,52
0x44a8d1f9a16ce315f6ee224887b0ac79a60fc770,AiRev,ParallelAiRev,true,53
0xeee9f9f3317945d4e96512ac026abb5c43e94be9,Anchorage Digital,Anchorage,true,54
0xbb876071a63bc4d9bfcf46b012b4437ea7ff4281,Andrew Kang,Rewkang,true,55
0xb78d97390a96a17fd2b58fedbeb3dd876c8f660a,Andrew Tate,Cobratate,true,56
0xd7a567c1de248eaedba610361d9bdbe9f7541c93,Andrew Tate,Cobratate,true,57
0x2639dc3ab1bc1eb232720be305ce83b57c14405b,Ansem,blknoiz06,true,58
0x22bcdbf9910135f38dbb401e5c6c6927303b4043,Anteater,0xAnteater,true,59
0xc32235231d29831a2cb2a11e3f9c7f38160fc1dd,Arthur Hayes,CryptoHayes,true,60
0x827ca75d54a9b7f2cbff42555e318e4ebd3d3d55,Arthur Hayes,CryptoHayes,true,61
0xc513fbdfdcb114719753f0950e2352a0e194e9ae,cf1991,cf19915,true,62
0x5116ebe0e30b2192945893171ea21b788ee86d49,ChinaMetaY,ChinaMetaY,true,63
0x911c75c7b9c5f1e3e04c4b1118c90c68cba51c50,Colin Hong #3,izebel_eth,true,64
0x98190b636490f01ceb19ec6280c17ee6eec459ea,Colin Hong #4,izebel_eth,true,65
0xf1245bd71d00e752b0971f7c79d289ed9b1a9117,Colin Hong #7,izebel_eth,true,66
0xbde2ddc49a2e6827300faa6afc93d572114a60b1,comfy capital,comfycapital_,true,67
0x3e3868f5e6fd1b2c2b91b234436b46c0a5b1140c,ContinueCapital,Continue_VC,true,68
0xbd6b8d8fa94f7307840252548549b56a33c98054,Cooker,CookerFlips,true,69
0xb76aa9f50ad74e91da3f3bd4dfd084ce0d3144f6,CookerFlips,cookerflips,true,70
0x80a3f44e8a00f73577853433409ec6507fb96546,CryptoChris #2,mfteth,true,71
0xb1d98b2cbc376529afe9d109ee04b1668f54b6e4,CryptoChris #2,mfteth,true,72
0x9d25fdd3e862b690759fae43e2db73bc75909b0e,CryptoChris #3,mfteth,true,73
0x1a2dfa6e618fea54aaaed6915312dd379b7e7bd1,CryptoChris #3,mfteth,true,74
0xf3af852aadeb893c5feb0c75e28d2ee4c04c3e1f,CryptoChris #4,mfteth,true,75
0x2dd5b67410355a62fde9fc526f2b08b81413a130,CryptoChris #6,mfteth,true,76
0x10495f72a1623ff2d836a2cbb25eaba7ff92e246,CryptoChris #7,mfteth,true,77
0xfc82b4225120db7c257ad8c69a8cf07319bfb88b,Cumberland #2,CumberlandSays,true,78
0xbba70b120fd73ff7a433272fdce32fc5319832ca,Cumberland #3,CumberlandSays,true,79
0x9797d9bf529a682be49f5333fada54d498842097,Cumberland #4,CumberlandSays,true,80
0x08e9c89f46dccee91bdb85c6532eb93a4c335efe,David,d_gilz,true,81
0x86523927bffeafe2e532f0218feb1f3c29f6120d,Evaded,ICanPlug,true,82
0x916ea2a9f3ba1ddd006c52babd0216e2ac54ed32,Falllling,qwatio,true,83
0x0c4926daf1250b8da7b9fc339f304d923b94d346,Flow Traders #1,FlowTraders,true,84
0xbb167e5a72c7a83e67ae68987bb787bf884c88e6,Flow Traders #2,FlowTraders,true,85
0xa0acf83f7ef684a75533a6635fb6d6075320625b,Flow Traders #3,FlowTraders,true,86
0x303729b53e97d3f43a1bd13e7f4c6bf77ae41e83,Flow Traders #4,FlowTraders,true,87
0xe9ffe7698f46f96f980f2877e18c43f5b4165903,ForesightOracle,,true,88
0x62bc1fe6009388219dd84f9dca37930f6fb6fa22,Galaxy Digital,galaxyhq,true,89
0x16f6d15381bee4a25b25f0d1c4161b78f7f21fde,Galaxy Digital #3,galaxyhq,true,90
0xffbd3e51ae0e2c4407434e157965c064f2a11628,GalaxyHQ #2,galaxyhq,true,91
0xb317d2bc2d3d2df5fa441b5bae0ab9d8b07283ae,Garrett Bullish,GarrettBullish,true,92
0x35d1151ef1aab579cbb3109e69fa82f94ff5acb1,Gauntlet,gauntlet_xyz,true,93
0x82d8dc80190e6bc1d92b048f9fc7e85e5e1e32ff,High Stakes Capital,HighStakesCap,true,94
0x9d32884370875f2960d5cc4b95be26687d69aff5,Hyperithm,hyperithm,true,95
0x5b209abde4f77c3ea0fe61b04b1430bec72c1296,Hyperithm #2,Hyperithm,true,96
0x43e9abea1910387c4292bca4b94de81462f8a251,Hyperliquid Labs,hyperliquidx,true,97
0xa8b0c0e877d7d6f51e988ff4a2c2fc89506e1e8c,Jez,izebel_eth,true,98
0xa69e24a291687a7cc0bb1d8bc09ba74e667d4d9e,Jez #2,izebel_eth,true,99
0x59fed45b9505bf96c0a02630decd45cc5542275d,Jez #5,izebel_eth,true,100
0xd52936fa285cfa500440e31355c0b28f4b740729,Jump # 2,jump_,true,101
0x93904eec579e5bf7a57c2dd4afbea0f1c3e6a1d1,Justin Sun,justinsuntron,true,102
0x393d0b87ed38fc779fd9611144ae649ba6082109,Kinetiq Staking Manager,,true,103
0xe44bd27c9f10fa2f89fdb3ab4b4f0e460da29ea8,Loracle #2,loraclexyz,true,104
0xefe4c06b6d310978bead596e1798a4fc1d9d194b,Loracle #3,loraclexyz,true,105
0x091144e651b334341eabdbbbfed644ad0100023e,Manifold Trading,ManifoldTrading,true,106
0x8261e9f17c81a5bd96f0008bfb3eed7574dea302,Multicoin,multicoin,true,107
0xd4d56a30a4a745f8ba732e8b453b7066260fbc10,Multicoin Capital,multicoin,true,108
0x4cb5f4d145cd16460932bbb9b871bb6fd5db97e3,Neet Guy,theneetguy,true,109
0x503f0f61ea4fa5d52111a5e58047715145d39474,Nikita Bier,nikitabier,true,110
0x9f61eab0c9a3c326e6bf19de9050f5eec6af8441,Paradigm,paradigm,true,111
0x75c1e71165f7a0be552cb38bdca42a07f6ee85a6,Paradigm,paradigm,true,112
0xeaa38328a708306549b85636a651ec32f00bcd84,Paradigm,paradigm,true,113
0x17f231e2fb8209fcaaebe44753a6abb0c996c984,Paradigm 1,paradigm,true,114
0xfe7409d80806b7477b55837f741f726809a0785b,Paradigm 2,paradigm,true,115
0x14972b3f0140ad3e80f191d4b3f5728d7ee5a652,Paradigm 3,paradigm,true,116
0xff0ad2ff560a84474c818521c6aedccbdce24fbf,Pentoshi,Pentosh1,true,117
0x64264011965176dcb56fd5ca0dd23e3c8a0bfe13,pfm.eth,,true,118
0x25773676902085225ae5751075e4161369334897,Powell #2,0xc926ddba,true,119
0x9bb933d7fe63c0bbfdd92f9596ed47e25e7877a1,qianbaidu.eth 千百度,qianbaidueth,true,120
0x1c4bc8f676f0cb3e173660b78454267f59705255,Ray,0xRay518,true,121
0xcd6b437786dd3237a5332b4da3ad431b340aeb33,Ray 睿,0xRay518,true,122
0x90f2a28cf5c8a19d1178dd4d789d9c377ab0f5d7,Rektober,rektober,true,123
0x40e7f70d8c5dbf7b27dab33ed826484b3c657e56,Resolv Labs,ResolvLabs,true,124
0x30d3ca3bed41c08e98fbdf671418421a76ee019a,Rune Christensen,RuneKek,true,125
0x8fcc8f55d7a8cdaee770a9e4112725d4a2c60492,Sam.88,Sasm_88,true,126
0x7ab80d2c05e5ed068454f4a7553047c8d0ff8136,Selini Capital #2,SeliniCapital,true,127
0x76987ceada087975a0cedef7753f25bf86234480,Selini Capital #3,SeliniCapital,true,128
0xd89e1de57f0495550e8030397834471b9e71949c,Selini Capital #4,SeliniCapital,true,129
0xb640e18c1ef6cf37b23fe8cfe4961d023c88a3de,Selini Capital #5,SeliniCapital,true,130
0x9dd54f70c19154ccb6513b82827b4c94c6318ed9,SVWang #1,Svwang1,true,131
0x3a648fc90c3730cd810cabb4e387fd21914e52d9,SVWang #2,Svwang1,true,132
0xb9c0283968744b80aef904455bb3dfc7ffd6801e,TechnoRevenant,techno_revenant,true,133
0x4eb8d907136189a34c9b087950211b6a566f7819,TechnoRevenant,Techno_Revenant,true,134
0x179f3d11483dafe616d56b32c4ce2562faabbbbb,TechnoRevenant,Techno_Revenant,true,135
0x316fc62528c317e569fe5aa4df6c1af0c4f2e678,TechnoRevenant,Techno_Revenant,true,136
0xfa6af5f4f7440ce389a1e650991eea45c161e13e,The White Whale,TheWhiteWhaleHL,true,137
0xb8b9e3097c8b1dddf9c5ea9d48a7ebeaf09d67d2,TheWhiteWhale,TheWhiteWhaleHL,true,138
0x363db8a8387d59b4b53e473fc9c12fbf7994f0ef,Tummy,tummyy1,true,139
0x97bfcf95b940e46990a42fdc21812be84442ef74,Tummy.hl,tummyy1,true,140
0xe7ec7fbf4f195fc8e57d814e15c3a2857cb632a3,Tummy.hl,tummyy1,true,141
0x18ed0f81334d32027da587f92eab8c53a87eacbd,tummy.hl # 2,tummyy1,true,142
0xc6694748b323ca21817c1c86fcc99956c9ce92d3,Union Square Ventures,usv,true,143
0xfb78aa8f38843629e89951d9db6fdc398d75e0a3,Wintermute #3,wintermute_t,true,144
0xa59963a565d622c4bfc00e57a4add8871561490c,wsbmod,wsbmod,true,145
0xa65ce1d604fa901c13aa29f2126a57d9032e412b,yixie10,yixie10,true,146
0x5078c2fbea2b2ad61bc840bc023e35fce56bedb6,James Wynn,JamesWynnReal,true,147
0x6f97b7de6be7b7771e975e46bae96c35e332e172,Bholu,bholu_eth,true,148
0x9657aa2cd45f2cfe77bef47f026bd835edcd165c,B2C2 Group,B2C2Group,true,149
0xb4caaff781251594911cc76aec61cef46ba00894,Flowdesk #1,flowdesk_co,true,150
0x9321d8117e73b0c79035f0e87debcfd8dbb1d75a,bd420,,true,151
0xbcd420d13362532756c968f663f96ba95e240dd2,0xTiamat,0xTiamat,true,152
0xe0ffc829349c88c159462942ad885f12130e7610,,,true,153
0xfc667adba8d4837586078f4fdcdc29804337ca06,Cumberland #1,CumberlandSays,true,154
0xf929122994e177079c924631ba13fb280f5cd1f9,wjqq,,true,155
0xe08cf3478e06b33d15c41a3a2a7fd306443cb879,Roland Sun (Fenbushi Capital),rolandmsun,true,156
0xdfd526409007db0d524a62dedaaba7706736d88e,CryptoChris #1,mfteth,true,157
0x418aa6bf98a2b2bc93779f810330d88cde488888,58bro.eth,0x58bro,true,158
0x547c8d938b98cd17ab7c653a0d98cca80eabb876,espri.hl,esprisi0,true,159
0x32008fcb6bbd16532afc83ca8b6c920dde22c407,pooltest,,true,160
0xf5d81a135f756ca16544e53c20fc20643ec3ad53,Jump,jump_,true,161
0x17c3c8fdbcb7d1b240ce08965e09b1fc91cba868,DV Chain,DV_Chain,true,162
0x8def9f50456c6c4e37fa5d3d57f108ed23992dae,Loracle,laurentzeimes,true,163
0xfc27136e42af1732ddc9ce2605ea9bff1b959d9d,VBVIT,,true,164
0x92ea19eceb7a8de0f50978a1583a5d8b018050e9,Garrett Bullish #2,GarrettBullish,true,165
0xcac19662ec88d23fa1c81ac0e8570b0cf2ff26b3,GalaxyHQ #1,galaxyhq,true,166
0xd47587702a91731dc1089b5db0932cf820151a91,MoneyPrinter1,,true,167
0x023a3d058020fb76cca98f01b3c48c8938a22355,Auros,Auros_global,true,168
